use java6
go
--Thêm bảng brand create database java6
insert into brand(is_active, name_brand) values(0,N'Hunter')
insert into brand(is_active, name_brand) values(0,N'Sandal')
insert into brand(is_active, name_brand) values(0,N'Giày thể thao')
insert into brand(is_active, name_brand) values(0,N'Giày chạy bộ')
insert into brand(is_active, name_brand) values(0,N'Giày đá banh')
insert into brand(is_active, name_brand) values(0,N'Giày tây')
--Thêm bảng product
insert into product(product_name,quantity_in_stock, price,gender,is_active,description,create_date,brand_id)
values(N'Giày Thể Thao Nam Biti’s Hunter Street đế #BÀO x MARVEL Spiderman - Hunter-verse 2k23 edition HSM001898',100,1324000,'UNISEX',1,
N'Giày thể thao Biti’s Hunter Street đế #BÀO MARVEL Spiderman, phiên bản Hunter-verse 2k23 HSM001898 dành cho nam hiện tại là phiên bản được mong đợi nhất hiện nay. Không chỉ “ghi điểm” với thiết kế nam tính và mạnh mẽ, sản phẩm còn có rất nhiều ưu điểm ấn tượng về chất lượng. Tìm hiểu chi tiết hơn tại đây nhé!',GETDATE(),1);
insert into product(product_name,quantity_in_stock, price,gender,is_active,description,create_date,brand_id)
values(N'Giày Thể Thao Bit is Hunter Street x Vietmax: Faith Edition HSM008100',100,1568000,'FEMALE',1,
N'Giày thể thao Biti’s Hunter Street đế #BÀO MARVEL Spiderman, phiên bản Hunter-verse 2k23 HSM001898 dành cho nam hiện tại là phiên bản được mong đợi nhất hiện nay. Không chỉ “ghi điểm” với thiết kế nam tính và mạnh mẽ, sản phẩm còn có rất nhiều ưu điểm ấn tượng về chất lượng. Tìm hiểu chi tiết hơn tại đây nhé!',GETDATE(),1);
insert into product(product_name,quantity_in_stock, price,gender,is_active,description,create_date,brand_id)
values(N'Giày Thể Thao Nam Biti is Hunter Street Go For Love 2K24 - Mule Edition HSM006000',100,731000,'MALE',1,
N'BST Bit is Hunter Street Go For Love 2K24 - đi để đồng điệu. Cùng nhau, ta bước chung trên thanh xuân rực rỡ này với: 
Thiết kế all-white kết hợp cùng mũ quai si nubuck giả canvas - must have item - dễ làm sạch dù có lấm lem size lầm để chiều mọi nét dịu dàng hay nhiệt thành thời niên thiếu 
Lacetag cool ngầu cùng dây tròn & xoắn - trendy - nổi bật cho bạn tự tin bước đi trong những ngày mưa của thanh xuân',GETDATE(),1);
insert into product(product_name,quantity_in_stock, price,gender,is_active,description,create_date,brand_id)
values(N'Giày Thể Thao Nam Biti is Hunter Street Go For Love 2K24 HSM006500',100,731000,'MALE',1,
N'BST Biti is Hunter Street Go For Love 2K24 - đi để đồng điệu. Cùng nhau, ta bước chung trên thanh xuân rực rỡ này với: 
Thiết kế all-white kết hợp cùng mũ quai si nubuck giả canvas - must have item - dễ làm sạch dù có lấm lem size lầm để chiều mọi nét dịu dàng hay nhiệt thành thời niên thiếu 
Lacetag cool ngầu cùng dây tròn & xoắn - trendy - nổi bật cho bạn tự tin bước đi trong những ngày mưa của thanh xuân',GETDATE(),1);
insert into product(product_name,quantity_in_stock, price,gender,is_active,description,create_date,brand_id)
values(N'Giày Thể Thao Nam Biti’s Hunter X Dune - 4 Nguyên Tố: LỬA HSM004204',100,1268000,'UNISEX',1,
N'Giày thể thao nam Biti’s Hunter X Dune - 4 Nguyên Tố: LỬA HSM004204 đa năng chiếm được nhiều sự yêu thích của các chàng trai. HSM004204 có thiết kế năng động, màu nổi bật là đôi giày vừa giúp bạn có một khởi đầu ngày mới tràn đầy năng lượng, vừa giúp bạn sải bước tự tin trên đường phố.',GETDATE(),1);
insert into product(product_name,quantity_in_stock, price,gender,is_active,description,create_date,brand_id)
values(N'Giày thể thao nam Biti’s Hunter X Dune - 4 Nguyên Tố: LỬA HSM004205 ',100,1568000,'UNISEX',1,
N'Giày thể thao Biti’s Hunter Street đế #BÀO MARVEL Spiderman, phiên bản Hunter-verse 2k23 HSM001898 dành cho nam hiện tại là phiên bản được mong đợi nhất hiện nay. Không chỉ “ghi điểm” với thiết kế nam tính và mạnh mẽ, sản phẩm còn có rất nhiều ưu điểm ấn tượng về chất lượng. Tìm hiểu chi tiết hơn tại đây nhé!',GETDATE(),1);
--
insert into product(product_name,quantity_in_stock, price,gender,is_active,description,create_date,brand_id)
values(N'Sandal Thể Thao Eva Phun Nam Biti is Hunter HEM000700',100,1314000,'MALE',1,
N'Sandal Thể Thao Eva Phun Nam Bit is Hunter HEM000700 là một sản phẩm rất được phái nam ưa chuộng, vậy, sản phẩm có những ưu điểm như thế nào? Hãy cùng tìm hiểu ngay dưới đây nhé!',GETDATE(),2);
insert into product(product_name,quantity_in_stock, price,gender,is_active,description,create_date,brand_id)
values(N'Sandal Thể Thao Eva Phun Nam Bit is HEM000500',100,1224000,'FEMALE',1,
N'Nếu bạn đang cảm thấy bí bách khi mang những đôi giày kín trong những ngày hè oi bức như hiện nay, hãy tham khảo những mẫu sandal giản dị nhưng vẫn mang phong cách lịch sự. Để đáp ứng được tiêu chí đó, chúng tôi xin giới thiệu tới các bạn Sandal Thể Thao Eva Phun Nam Biti is HEM000500. Với thiết kế sandal truyền thống nhưng chất liệu hiện đại tạo nên sự thoải mái khi đeo và bền bỉ theo thời gian. Chắc chắn đây sẽ là lựa chọn đáng cân nhắc. Hãy cùng Biti’s tìm hiểu chi tiết về dòng sản phẩm này nhé!!',GETDATE(),2);
insert into product(product_name,quantity_in_stock, price,gender,is_active,description,create_date,brand_id)
values(N'Sandal Nam Biti is Hunter Tonic DEMH00400',100,724000,'FEMALE',1,
N'Nếu bạn cần tìm một đôi giày sandal vừa chất lượng, vừa đẹp mắt thì đừng ngần ngại chọn Sandal Nam Biti is Hunter Tonic DEMH00400. Đây là một sản phẩm lý tưởng, phục vụ nhiều mục đích sử dụng khác nhau. Cùng tìm hiểu nhé!!',GETDATE(),2);
insert into product(product_name,quantity_in_stock, price,gender,is_active,description,create_date,brand_id)
values(N'Sandal Eva Phun Nam Biti is BEM001500',100,824000,'MALE',1,
N'Sandal nam Biti is BPM001100 với thiết kế trẻ trung là sự lựa chọn hoàn hảo cho những quý ông yêu thích sự thoải mái và phong cách. Với sản phẩm bạn không chỉ trở nên tự tin và nổi bật với chất lượng mà còn trải nghiệm sự êm ái và tiện lợi trong mọi bước chân.',GETDATE(),2);
--
insert into product(product_name,quantity_in_stock, price,gender,is_active,description,create_date,brand_id)
values(N'Giày Thể Thao Thông Dụng Nam Biti is Basic BSM000600',100,424000,'FEMALE',1,
N'Giày thể thao thông dụng nam Biti is Basic BSM000600 được xem là mẫu giày "quốc dân" chưa bao giờ ngừng hot. Mặc dù đã ra mắt từ rất lâu nhưng đây vẫn được xem là sự lựa chọn hàng đầu cho những bạn yêu thích sự đơn giản. Thiết kế giày full đen hoặc trắng sẽ là điểm nhấn làm rung động biết bao nhiêu tín đồ mê phong cách thời trang hiện đại, trẻ trung. Để hiểu hơn về sản phẩm, cùng xem chi tiết ngay sau đây.',GETDATE(),3);
insert into product(product_name,quantity_in_stock, price,gender,is_active,description,create_date,brand_id)
values(N'Giày Thể Thao Nam Trung Cấp Biti is DSM074400',100,329000,'FEMALE',1,
N'Sandal nam Biti is BPM001100 với thiết kế trẻ trung là sự lựa chọn hoàn hảo cho những quý ông yêu thích sự thoải mái và phong cách. Với sản phẩm bạn không chỉ trở nên tự tin và nổi bật với chất lượng mà còn trải nghiệm sự êm ái và tiện lợi trong mọi bước chân.',GETDATE(),3);
insert into product(product_name,quantity_in_stock, price,gender,is_active,description,create_date,brand_id)
values(N'Giày Thể Thao Thông Dụng Nam Biti is BSM000700',100,376000,'FEMALE',1,
N'Giày thể thao Biti’s nam đã không còn là cái tên xa lạ với người tiêu dùng. Không chỉ là hình ảnh trẻ trung, năng động và gần gũi giới trẻ, giày thể thao Biti’s còn mang lại sự thoải mái và thời trang. Giày Thể Thao Thông Dụng Nam Biti’s BSM000700 được rất nhiều bạn trẻ lựa chọn bởi kiểu dáng đơn giản nhưng không kém phần tinh tế và sang trọng. Để biết thêm chi tiết về sản phẩm, hãy tham khảo bài viết dưới đây',GETDATE(),3);
insert into product(product_name,quantity_in_stock, price,gender,is_active,description,create_date,brand_id)
values(N'Giày Thể Thao Nam DSM076000',100,424000,'MALE',1,
N'Giày thể thao Biti’s nam đã không còn là cái tên xa lạ với người tiêu dùng. Không chỉ là hình ảnh trẻ trung, năng động và gần gũi giới trẻ, giày thể thao Biti’s còn mang lại sự thoải mái và thời trang. Giày Thể Thao Thông Dụng Nam Biti’s BSM000700 được rất nhiều bạn trẻ lựa chọn bởi kiểu dáng đơn giản nhưng không kém phần tinh tế và sang trọng. Để biết thêm chi tiết về sản phẩm, hãy tham khảo bài viết dưới đây',GETDATE(),3);
insert into product(product_name,quantity_in_stock, price,gender,is_active,description,create_date,brand_id)
values(N'Giày Thể Thao Nam Biti is BSM002300',100,524000,'UNISEX',1,
N'Giày thể thao Biti’s nam đã không còn là cái tên xa lạ với người tiêu dùng. Không chỉ là hình ảnh trẻ trung, năng động và gần gũi giới trẻ, giày thể thao Biti’s còn mang lại sự thoải mái và thời trang. Giày Thể Thao Thông Dụng Nam Biti’s BSM000700 được rất nhiều bạn trẻ lựa chọn bởi kiểu dáng đơn giản nhưng không kém phần tinh tế và sang trọng. Để biết thêm chi tiết về sản phẩm, hãy tham khảo bài viết dưới đây',GETDATE(),3);
--
insert into product(product_name,quantity_in_stock, price,gender,is_active,description,create_date,brand_id)
values(N'Giày Chạy Bộ Nam Bitiis Hunter Running DSMH10000',100,924000,'UNISEX',1,
N'Giày Chạy Bộ Nam Bitiis Hunter Running DSMH10000 là mẫu giày chạy với bộ đế thế hệ vượt trội và công nghệ độc quyền từ BITI’S Hunter không những đem đến sự thoải mái khi vận động mà còn mang đến cho người sử dụng phong cách thể thao năng động và sự ấn tượng cho mọi người.',GETDATE(),4);
insert into product(product_name,quantity_in_stock, price,gender,is_active,description,create_date,brand_id)
values(N'Giày Chạy Bộ Nam Bitiis Hunter Running HSM003800',100,144000,'UNISEX',1,
N'Giày Chạy Bộ Nam Bitiis Hunter Running DSMH10000 là mẫu giày chạy với bộ đế thế hệ vượt trội và công nghệ độc quyền từ BITI’S Hunter không những đem đến sự thoải mái khi vận động mà còn mang đến cho người sử dụng phong cách thể thao năng động và sự ấn tượng cho mọi người.',GETDATE(),4);
insert into product(product_name,quantity_in_stock, price,gender,is_active,description,create_date,brand_id)
values(N'Giày Chạy Bộ Nam Bitiis Hunter Running Tiger DSMH08300',100,124000,'UNISEX',1,
N'Giày Chạy Bộ Nam Bitiis Hunter Running DSMH10000 là mẫu giày chạy với bộ đế thế hệ vượt trội và công nghệ độc quyền từ BITI’S Hunter không những đem đến sự thoải mái khi vận động mà còn mang đến cho người sử dụng phong cách thể thao năng động và sự ấn tượng cho mọi người.',GETDATE(),4);
insert into product(product_name,quantity_in_stock, price,gender,is_active,description,create_date,brand_id)
values(N'Giày Thể Thao Nam BITI’S HUNTER JOGGING FESTIVE: PLUTON COLLECTION HSM004900',100,754000,'UNISEX',1,
N'Giày Chạy Bộ Nam Bitiis Hunter Running DSMH10000 là mẫu giày chạy với bộ đế thế hệ vượt trội và công nghệ độc quyền từ BITI’S Hunter không những đem đến sự thoải mái khi vận động mà còn mang đến cho người sử dụng phong cách thể thao năng động và sự ấn tượng cho mọi người.',GETDATE(),4);
--
insert into product(product_name,quantity_in_stock, price,gender,is_active,description,create_date,brand_id)
values(N'Giày Đá Bóng Nam Bitiis Hunter Football HSM003600',100,399000,'UNISEX',1,
N'Giày thể thao là một “người bạn đồng hành” không thể thiếu đối với các cầu thủ sân bóng. Nếu bạn cần tìm một đôi giày thể thao êm chân, chất lượng thì tham khảo ngay Giày Bóng Đá Nam Bitiis Hunter Football DSMH02401 với mẫu mã đa dạng, màu sắc bắt mắt và chất lượng cao cấp từ thương hiệu Biti’s nhé. ',GETDATE(),5);
insert into product(product_name,quantity_in_stock, price,gender,is_active,description,create_date,brand_id)
values(N'Giày Bóng Đá Nam Bitiis Hunter Football Futsal DSMH111000',100,398000,'UNISEX',1,
N'Giày thể thao là một “người bạn đồng hành” không thể thiếu đối với các cầu thủ sân bóng. Nếu bạn cần tìm một đôi giày thể thao êm chân, chất lượng thì tham khảo ngay Giày Bóng Đá Nam Bitiis Hunter Football DSMH02401 với mẫu mã đa dạng, màu sắc bắt mắt và chất lượng cao cấp từ thương hiệu Biti’s nhé. ',GETDATE(),5);
insert into product(product_name,quantity_in_stock, price,gender,is_active,description,create_date,brand_id)
values(N'Giày Bóng Đá Nam Bitiis Hunter Football DSMH02401',100,328000,'UNISEX',1,
N'Giày thể thao là một “người bạn đồng hành” không thể thiếu đối với các cầu thủ sân bóng. Nếu bạn cần tìm một đôi giày thể thao êm chân, chất lượng thì tham khảo ngay Giày Bóng Đá Nam Bitiis Hunter Football DSMH02401 với mẫu mã đa dạng, màu sắc bắt mắt và chất lượng cao cấp từ thương hiệu Biti’s nhé. ',GETDATE(),5);
insert into product(product_name,quantity_in_stock, price,gender,is_active,description,create_date,brand_id)
values(N'Giày Bóng Đá Nam Bitiis Hunter Football Gen 2K21 Futsal DSMH07300',100,354000,'UNISEX',1,
N'Giày thể thao là một “người bạn đồng hành” không thể thiếu đối với các cầu thủ sân bóng. Nếu bạn cần tìm một đôi giày thể thao êm chân, chất lượng thì tham khảo ngay Giày Bóng Đá Nam Bitiis Hunter Football DSMH02401 với mẫu mã đa dạng, màu sắc bắt mắt và chất lượng cao cấp từ thương hiệu Biti’s nhé. ',GETDATE(),5);
insert into product(product_name,quantity_in_stock, price,gender,is_active,description,create_date,brand_id)
values(N'Giày Bóng Đá Nam Bitiis Hunter Football Futsal DSMH09100',100,424000,'UNISEX',1,
N'Giày thể thao là một “người bạn đồng hành” không thể thiếu đối với các cầu thủ sân bóng. Nếu bạn cần tìm một đôi giày thể thao êm chân, chất lượng thì tham khảo ngay Giày Bóng Đá Nam Bitiis Hunter Football DSMH02401 với mẫu mã đa dạng, màu sắc bắt mắt và chất lượng cao cấp từ thương hiệu Biti’s nhé. ',GETDATE(),5);
--
insert into product(product_name,quantity_in_stock, price,gender,is_active,description,create_date,brand_id)
values(N'Giày Da Nam Bitiis X DMM371880',100,624000,'MALE',1,
N'Giày Mocasin Nam Biti’s BMM000677 “chiều lòng” mọi phái mạnh. Bởi, sản phẩm có thiết kế sang trọng mà hiếm có đôi giày nào có được, chất liệu làm đế/quai chỉn chu và kèm nhiều điều nổi bật không thể phủ nhận khác.',GETDATE(),6);
insert into product(product_name,quantity_in_stock, price,gender,is_active,description,create_date,brand_id)
values(N'Giày Mocasin Nam Bitiis BMM000477',100,724000,'MALE',1,
N'Giày Mocasin Nam Biti’s BMM000677 “chiều lòng” mọi phái mạnh. Bởi, sản phẩm có thiết kế sang trọng mà hiếm có đôi giày nào có được, chất liệu làm đế/quai chỉn chu và kèm nhiều điều nổi bật không thể phủ nhận khác.',GETDATE(),6);
insert into product(product_name,quantity_in_stock, price,gender,is_active,description,create_date,brand_id)
values(N'Giày Mocasin Nam Bitiis BMM000677',100,824000,'MALE',1,
N'Giày Mocasin Nam Biti’s BMM000677 “chiều lòng” mọi phái mạnh. Bởi, sản phẩm có thiết kế sang trọng mà hiếm có đôi giày nào có được, chất liệu làm đế/quai chỉn chu và kèm nhiều điều nổi bật không thể phủ nhận khác.',GETDATE(),6);
insert into product(product_name,quantity_in_stock, price,gender,is_active,description,create_date,brand_id)
values(N'Giày Mocasin Nam Biti`s DMM374770*',100,1224000,'MALE',1,
N'Giày Mocasin Nam Biti’s BMM000677 “chiều lòng” mọi phái mạnh. Bởi, sản phẩm có thiết kế sang trọng mà hiếm có đôi giày nào có được, chất liệu làm đế/quai chỉn chu và kèm nhiều điều nổi bật không thể phủ nhận khác.',GETDATE(),6);
insert into product(product_name,quantity_in_stock, price,gender,is_active,description,create_date,brand_id)
values(N'Giày Tây Boot Nam Bitiis BVM001788',100,1324000,'MALE',1,
N'Giày Mocasin Nam Biti’s BMM000677 “chiều lòng” mọi phái mạnh. Bởi, sản phẩm có thiết kế sang trọng mà hiếm có đôi giày nào có được, chất liệu làm đế/quai chỉn chu và kèm nhiều điều nổi bật không thể phủ nhận khác.',GETDATE(),6);
--Thêm bảng màu
insert into color(color_name,create_date,is_active) values(N'black',GETDATE(),1)
insert into color(color_name,create_date,is_active) values(N'white',GETDATE(),1)
insert into color(color_name,create_date,is_active) values(N'yellow',GETDATE(),1)
insert into color(color_name,create_date,is_active) values(N'grey',GETDATE(),1)
insert into color(color_name,create_date,is_active) values(N'blue',GETDATE(),1)
insert into color(color_name,create_date,is_active) values(N'red',GETDATE(),1)
insert into color(color_name,create_date,is_active) values(N'orange',GETDATE(),1)
insert into color(color_name,create_date,is_active) values(N'green',GETDATE(),1)
insert into color(color_name,create_date,is_active) values(N'pink',GETDATE(),1)
insert into color(color_name,create_date,is_active) values(N'brown',GETDATE(),1)
--Thêm bảng màu chi tiết sản phẩm
insert into details_color(create_date, color_id, product_id) values (GETDATE(),1,1) 
insert into details_color(create_date, color_id, product_id) values (GETDATE(),2,1)
insert into details_color(create_date, color_id, product_id) values (GETDATE(),1,2) 
insert into details_color(create_date, color_id, product_id) values (GETDATE(),2,2)
insert into details_color(create_date, color_id, product_id) values (GETDATE(),1,3) 
insert into details_color(create_date, color_id, product_id) values (GETDATE(),2,3)
insert into details_color(create_date, color_id, product_id) values (GETDATE(),3,3) 
insert into details_color(create_date, color_id, product_id) values (GETDATE(),4,3)
insert into details_color(create_date, color_id, product_id) values (GETDATE(),1,4) 
insert into details_color(create_date, color_id, product_id) values (GETDATE(),2,4)
insert into details_color(create_date, color_id, product_id) values (GETDATE(),3,4) 
insert into details_color(create_date, color_id, product_id) values (GETDATE(),1,5)
insert into details_color(create_date, color_id, product_id) values (GETDATE(),1,6) 
insert into details_color(create_date, color_id, product_id) values (GETDATE(),2,6)
insert into details_color(create_date, color_id, product_id) values (GETDATE(),1,7) 
insert into details_color(create_date, color_id, product_id) values (GETDATE(),2,7)
insert into details_color(create_date, color_id, product_id) values (GETDATE(),3,7) 
insert into details_color(create_date, color_id, product_id) values (GETDATE(),1,8)
insert into details_color(create_date, color_id, product_id) values (GETDATE(),2,8) 
insert into details_color(create_date, color_id, product_id) values (GETDATE(),3,8)
insert into details_color(create_date, color_id, product_id) values (GETDATE(),4,8) 
insert into details_color(create_date, color_id, product_id) values (GETDATE(),2,9)
insert into details_color(create_date, color_id, product_id) values (GETDATE(),1,9) 
insert into details_color(create_date, color_id, product_id) values (GETDATE(),4,9)
insert into details_color(create_date, color_id, product_id) values (GETDATE(),1,10) 
insert into details_color(create_date, color_id, product_id) values (GETDATE(),2,10)
insert into details_color(create_date, color_id, product_id) values (GETDATE(),1,11) 
insert into details_color(create_date, color_id, product_id) values (GETDATE(),2,11)
insert into details_color(create_date, color_id, product_id) values (GETDATE(),1,12) 
insert into details_color(create_date, color_id, product_id) values (GETDATE(),1,13)
insert into details_color(create_date, color_id, product_id) values (GETDATE(),2,13) 
insert into details_color(create_date, color_id, product_id) values (GETDATE(),1,14)
insert into details_color(create_date, color_id, product_id) values (GETDATE(),2,15) 
insert into details_color(create_date, color_id, product_id) values (GETDATE(),3,15)
insert into details_color(create_date, color_id, product_id) values (GETDATE(),1,16) 
insert into details_color(create_date, color_id, product_id) values (GETDATE(),2,16)
insert into details_color(create_date, color_id, product_id) values (GETDATE(),3,16) 
insert into details_color(create_date, color_id, product_id) values (GETDATE(),4,16)
insert into details_color(create_date, color_id, product_id) values (GETDATE(),1,17) 
insert into details_color(create_date, color_id, product_id) values (GETDATE(),2,17)
insert into details_color(create_date, color_id, product_id) values (GETDATE(),3,17) 
insert into details_color(create_date, color_id, product_id) values (GETDATE(),1,18)
insert into details_color(create_date, color_id, product_id) values (GETDATE(),2,18) 
insert into details_color(create_date, color_id, product_id) values (GETDATE(),3,18)
insert into details_color(create_date, color_id, product_id) values (GETDATE(),4,19) 
insert into details_color(create_date, color_id, product_id) values (GETDATE(),1,20)
insert into details_color(create_date, color_id, product_id) values (GETDATE(),1,21) 
insert into details_color(create_date, color_id, product_id) values (GETDATE(),2,21)
insert into details_color(create_date, color_id, product_id) values (GETDATE(),1,22) 
insert into details_color(create_date, color_id, product_id) values (GETDATE(),2,22)
insert into details_color(create_date, color_id, product_id) values (GETDATE(),3,22) 
insert into details_color(create_date, color_id, product_id) values (GETDATE(),1,23)
insert into details_color(create_date, color_id, product_id) values (GETDATE(),2,23) 
insert into details_color(create_date, color_id, product_id) values (GETDATE(),3,23)
insert into details_color(create_date, color_id, product_id) values (GETDATE(),4,23) 
insert into details_color(create_date, color_id, product_id) values (GETDATE(),1,24)
insert into details_color(create_date, color_id, product_id) values (GETDATE(),2,24) 
insert into details_color(create_date, color_id, product_id) values (GETDATE(),3,24)
insert into details_color(create_date, color_id, product_id) values (GETDATE(),1,25) 
insert into details_color(create_date, color_id, product_id) values (GETDATE(),2,25)
insert into details_color(create_date, color_id, product_id) values (GETDATE(),3,25) 
insert into details_color(create_date, color_id, product_id) values (GETDATE(),1,26)
insert into details_color(create_date, color_id, product_id) values (GETDATE(),1,27) 
insert into details_color(create_date, color_id, product_id) values (GETDATE(),2,27)
insert into details_color(create_date, color_id, product_id) values (GETDATE(),1,28) 
insert into details_color(create_date, color_id, product_id) values (GETDATE(),2,28)
insert into details_color(create_date, color_id, product_id) values (GETDATE(),1,29) 
insert into details_color(create_date, color_id, product_id) values (GETDATE(),2,29)
insert into details_color(create_date, color_id, product_id) values (GETDATE(),3,29) 
insert into details_color(create_date, color_id, product_id) values (GETDATE(),4,29)
--thêm bảng size
insert into size(create_date, is_active, size_name) values (GETDATE(),1,N'37')
insert into size(create_date, is_active, size_name) values (GETDATE(),1,N'38')
insert into size(create_date, is_active, size_name) values (GETDATE(),1,N'39')
insert into size(create_date, is_active, size_name) values (GETDATE(),1,N'40')
insert into size(create_date, is_active, size_name) values (GETDATE(),1,N'41')
insert into size(create_date, is_active, size_name) values (GETDATE(),1,N'42')
insert into size(create_date, is_active, size_name) values (GETDATE(),1,N'43')
insert into size(create_date, is_active, size_name) values (GETDATE(),1,N'44')
insert into size(create_date, is_active, size_name) values (GETDATE(),1,N'45')
-- thêm dữ liệu bảng size product
insert into details_size(create_date, size_id,product_id) values (GETDATE(), 1,1)
insert into details_size(create_date, size_id,product_id) values (GETDATE(), 2,1)
insert into details_size(create_date, size_id,product_id) values (GETDATE(), 3,1)
insert into details_size(create_date, size_id,product_id) values (GETDATE(), 4,1)
insert into details_size(create_date, size_id,product_id) values (GETDATE(), 5,1)
insert into details_size(create_date, size_id,product_id) values (GETDATE(), 6,1)
insert into details_size(create_date, size_id,product_id) values (GETDATE(), 7,1)
insert into details_size(create_date, size_id,product_id) values (GETDATE(), 8,1)
insert into details_size(create_date, size_id,product_id) values (GETDATE(), 9,1)
insert into details_size(create_date, size_id,product_id) values (GETDATE(), 1,2)
insert into details_size(create_date, size_id,product_id) values (GETDATE(), 2,2)
insert into details_size(create_date, size_id,product_id) values (GETDATE(), 3,2)
insert into details_size(create_date, size_id,product_id) values (GETDATE(), 4,2)
insert into details_size(create_date, size_id,product_id) values (GETDATE(), 5,2)
insert into details_size(create_date, size_id,product_id) values (GETDATE(), 6,2)
insert into details_size(create_date, size_id,product_id) values (GETDATE(), 7,2)
insert into details_size(create_date, size_id,product_id) values (GETDATE(), 8,2)
insert into details_size(create_date, size_id,product_id) values (GETDATE(), 9,2)
insert into details_size(create_date, size_id,product_id) values (GETDATE(), 1,3)
insert into details_size(create_date, size_id,product_id) values (GETDATE(), 2,3)
insert into details_size(create_date, size_id,product_id) values (GETDATE(), 3,3)
insert into details_size(create_date, size_id,product_id) values (GETDATE(), 4,3)
insert into details_size(create_date, size_id,product_id) values (GETDATE(), 5,3)
insert into details_size(create_date, size_id,product_id) values (GETDATE(), 6,3)
insert into details_size(create_date, size_id,product_id) values (GETDATE(), 7,3)
insert into details_size(create_date, size_id,product_id) values (GETDATE(), 8,3)
insert into details_size(create_date, size_id,product_id) values (GETDATE(), 9,3)
insert into details_size(create_date, size_id,product_id) values (GETDATE(), 1,4)
insert into details_size(create_date, size_id,product_id) values (GETDATE(), 2,4)
insert into details_size(create_date, size_id,product_id) values (GETDATE(), 3,4)
insert into details_size(create_date, size_id,product_id) values (GETDATE(), 4,4)
insert into details_size(create_date, size_id,product_id) values (GETDATE(), 5,4)
insert into details_size(create_date, size_id,product_id) values (GETDATE(), 6,4)
insert into details_size(create_date, size_id,product_id) values (GETDATE(), 7,4)
insert into details_size(create_date, size_id,product_id) values (GETDATE(), 8,4)
insert into details_size(create_date, size_id,product_id) values (GETDATE(), 9,4)
insert into details_size(create_date, size_id,product_id) values (GETDATE(), 1,5)
insert into details_size(create_date, size_id,product_id) values (GETDATE(), 2,5)
insert into details_size(create_date, size_id,product_id) values (GETDATE(), 3,5)
insert into details_size(create_date, size_id,product_id) values (GETDATE(), 4,5)
insert into details_size(create_date, size_id,product_id) values (GETDATE(), 5,5)
insert into details_size(create_date, size_id,product_id) values (GETDATE(), 6,5)
insert into details_size(create_date, size_id,product_id) values (GETDATE(), 7,5)
insert into details_size(create_date, size_id,product_id) values (GETDATE(), 8,5)
insert into details_size(create_date, size_id,product_id) values (GETDATE(), 9,5)
insert into details_size(create_date, size_id,product_id) values (GETDATE(), 1,6)
insert into details_size(create_date, size_id,product_id) values (GETDATE(), 2,6)
insert into details_size(create_date, size_id,product_id) values (GETDATE(), 3,6)
insert into details_size(create_date, size_id,product_id) values (GETDATE(), 4,6)
insert into details_size(create_date, size_id,product_id) values (GETDATE(), 5,6)
insert into details_size(create_date, size_id,product_id) values (GETDATE(), 6,6)
insert into details_size(create_date, size_id,product_id) values (GETDATE(), 7,6)
insert into details_size(create_date, size_id,product_id) values (GETDATE(), 8,6)
insert into details_size(create_date, size_id,product_id) values (GETDATE(), 9,6)
insert into details_size(create_date, size_id,product_id) values (GETDATE(), 1,7)
insert into details_size(create_date, size_id,product_id) values (GETDATE(), 2,7)
insert into details_size(create_date, size_id,product_id) values (GETDATE(), 3,7)
insert into details_size(create_date, size_id,product_id) values (GETDATE(), 4,7)
insert into details_size(create_date, size_id,product_id) values (GETDATE(), 5,7)
insert into details_size(create_date, size_id,product_id) values (GETDATE(), 6,7)
insert into details_size(create_date, size_id,product_id) values (GETDATE(), 7,7)
insert into details_size(create_date, size_id,product_id) values (GETDATE(), 8,7)
insert into details_size(create_date, size_id,product_id) values (GETDATE(), 9,7)
insert into details_size(create_date, size_id,product_id) values (GETDATE(), 1,8)
insert into details_size(create_date, size_id,product_id) values (GETDATE(), 2,8)
insert into details_size(create_date, size_id,product_id) values (GETDATE(), 3,8)
insert into details_size(create_date, size_id,product_id) values (GETDATE(), 4,8)
insert into details_size(create_date, size_id,product_id) values (GETDATE(), 5,8)
insert into details_size(create_date, size_id,product_id) values (GETDATE(), 6,8)
insert into details_size(create_date, size_id,product_id) values (GETDATE(), 7,8)
insert into details_size(create_date, size_id,product_id) values (GETDATE(), 8,8)
insert into details_size(create_date, size_id,product_id) values (GETDATE(), 9,8)
insert into details_size(create_date, size_id,product_id) values (GETDATE(), 1,9)
insert into details_size(create_date, size_id,product_id) values (GETDATE(), 2,9)
insert into details_size(create_date, size_id,product_id) values (GETDATE(), 3,9)
insert into details_size(create_date, size_id,product_id) values (GETDATE(), 4,9)
insert into details_size(create_date, size_id,product_id) values (GETDATE(), 5,9)
insert into details_size(create_date, size_id,product_id) values (GETDATE(), 6,9)
insert into details_size(create_date, size_id,product_id) values (GETDATE(), 7,9)
insert into details_size(create_date, size_id,product_id) values (GETDATE(), 8,9)
insert into details_size(create_date, size_id,product_id) values (GETDATE(), 9,9)
insert into details_size(create_date, size_id,product_id) values (GETDATE(), 1,10)
insert into details_size(create_date, size_id,product_id) values (GETDATE(), 2,10)
insert into details_size(create_date, size_id,product_id) values (GETDATE(), 3,10)
insert into details_size(create_date, size_id,product_id) values (GETDATE(), 4,10)
insert into details_size(create_date, size_id,product_id) values (GETDATE(), 5,10)
insert into details_size(create_date, size_id,product_id) values (GETDATE(), 6,10)
insert into details_size(create_date, size_id,product_id) values (GETDATE(), 7,10)
insert into details_size(create_date, size_id,product_id) values (GETDATE(), 8,10)
insert into details_size(create_date, size_id,product_id) values (GETDATE(), 9,10)
insert into details_size(create_date, size_id,product_id) values (GETDATE(), 1,11)
insert into details_size(create_date, size_id,product_id) values (GETDATE(), 2,11)
insert into details_size(create_date, size_id,product_id) values (GETDATE(), 3,11)
insert into details_size(create_date, size_id,product_id) values (GETDATE(), 4,11)
insert into details_size(create_date, size_id,product_id) values (GETDATE(), 5,11)
insert into details_size(create_date, size_id,product_id) values (GETDATE(), 6,11)
insert into details_size(create_date, size_id,product_id) values (GETDATE(), 7,11)
insert into details_size(create_date, size_id,product_id) values (GETDATE(), 8,11)
insert into details_size(create_date, size_id,product_id) values (GETDATE(), 9,11)
insert into details_size(create_date, size_id,product_id) values (GETDATE(), 1,12)
insert into details_size(create_date, size_id,product_id) values (GETDATE(), 2,12)
insert into details_size(create_date, size_id,product_id) values (GETDATE(), 3,12)
insert into details_size(create_date, size_id,product_id) values (GETDATE(), 4,12)
insert into details_size(create_date, size_id,product_id) values (GETDATE(), 5,12)
insert into details_size(create_date, size_id,product_id) values (GETDATE(), 6,12)
insert into details_size(create_date, size_id,product_id) values (GETDATE(), 7,12)
insert into details_size(create_date, size_id,product_id) values (GETDATE(), 8,12)
insert into details_size(create_date, size_id,product_id) values (GETDATE(), 9,12)
insert into details_size(create_date, size_id,product_id) values (GETDATE(), 1,13)
insert into details_size(create_date, size_id,product_id) values (GETDATE(), 2,13)
insert into details_size(create_date, size_id,product_id) values (GETDATE(), 3,13)
insert into details_size(create_date, size_id,product_id) values (GETDATE(), 4,13)
insert into details_size(create_date, size_id,product_id) values (GETDATE(), 5,13)
insert into details_size(create_date, size_id,product_id) values (GETDATE(), 6,13)
insert into details_size(create_date, size_id,product_id) values (GETDATE(), 7,13)
insert into details_size(create_date, size_id,product_id) values (GETDATE(), 8,13)
insert into details_size(create_date, size_id,product_id) values (GETDATE(), 9,13)
insert into details_size(create_date, size_id,product_id) values (GETDATE(), 1,14)
insert into details_size(create_date, size_id,product_id) values (GETDATE(), 2,14)
insert into details_size(create_date, size_id,product_id) values (GETDATE(), 3,14)
insert into details_size(create_date, size_id,product_id) values (GETDATE(), 4,14)
insert into details_size(create_date, size_id,product_id) values (GETDATE(), 5,14)
insert into details_size(create_date, size_id,product_id) values (GETDATE(), 6,14)
insert into details_size(create_date, size_id,product_id) values (GETDATE(), 7,14)
insert into details_size(create_date, size_id,product_id) values (GETDATE(), 8,14)
insert into details_size(create_date, size_id,product_id) values (GETDATE(), 1,15)
insert into details_size(create_date, size_id,product_id) values (GETDATE(), 2,15)
insert into details_size(create_date, size_id,product_id) values (GETDATE(), 3,15)
insert into details_size(create_date, size_id,product_id) values (GETDATE(), 4,15)
insert into details_size(create_date, size_id,product_id) values (GETDATE(), 5,15)
insert into details_size(create_date, size_id,product_id) values (GETDATE(), 6,15)
insert into details_size(create_date, size_id,product_id) values (GETDATE(), 7,15)
insert into details_size(create_date, size_id,product_id) values (GETDATE(), 8,15)
insert into details_size(create_date, size_id,product_id) values (GETDATE(), 9,15)
insert into details_size(create_date, size_id,product_id) values (GETDATE(), 1,16)
insert into details_size(create_date, size_id,product_id) values (GETDATE(), 2,16)
insert into details_size(create_date, size_id,product_id) values (GETDATE(), 3,16)
insert into details_size(create_date, size_id,product_id) values (GETDATE(), 4,16)
insert into details_size(create_date, size_id,product_id) values (GETDATE(), 5,16)
insert into details_size(create_date, size_id,product_id) values (GETDATE(), 6,16)
insert into details_size(create_date, size_id,product_id) values (GETDATE(), 7,16)
insert into details_size(create_date, size_id,product_id) values (GETDATE(), 8,16)
insert into details_size(create_date, size_id,product_id) values (GETDATE(), 9,16)
insert into details_size(create_date, size_id,product_id) values (GETDATE(), 1,17)
insert into details_size(create_date, size_id,product_id) values (GETDATE(), 2,17)
insert into details_size(create_date, size_id,product_id) values (GETDATE(), 3,17)
insert into details_size(create_date, size_id,product_id) values (GETDATE(), 4,17)
insert into details_size(create_date, size_id,product_id) values (GETDATE(), 5,17)
insert into details_size(create_date, size_id,product_id) values (GETDATE(), 6,17)
insert into details_size(create_date, size_id,product_id) values (GETDATE(), 7,17)
insert into details_size(create_date, size_id,product_id) values (GETDATE(), 8,17)
insert into details_size(create_date, size_id,product_id) values (GETDATE(), 1,18)
insert into details_size(create_date, size_id,product_id) values (GETDATE(), 2,18)
insert into details_size(create_date, size_id,product_id) values (GETDATE(), 3,18)
insert into details_size(create_date, size_id,product_id) values (GETDATE(), 4,18)
insert into details_size(create_date, size_id,product_id) values (GETDATE(), 5,18)
insert into details_size(create_date, size_id,product_id) values (GETDATE(), 6,18)
insert into details_size(create_date, size_id,product_id) values (GETDATE(), 7,18)
insert into details_size(create_date, size_id,product_id) values (GETDATE(), 8,18)
insert into details_size(create_date, size_id,product_id) values (GETDATE(), 1,19)
insert into details_size(create_date, size_id,product_id) values (GETDATE(), 2,19)
insert into details_size(create_date, size_id,product_id) values (GETDATE(), 3,19)
insert into details_size(create_date, size_id,product_id) values (GETDATE(), 4,19)
insert into details_size(create_date, size_id,product_id) values (GETDATE(), 5,19)
insert into details_size(create_date, size_id,product_id) values (GETDATE(), 6,19)
insert into details_size(create_date, size_id,product_id) values (GETDATE(), 7,19)
insert into details_size(create_date, size_id,product_id) values (GETDATE(), 8,19)
insert into details_size(create_date, size_id,product_id) values (GETDATE(), 9,19)
insert into details_size(create_date, size_id,product_id) values (GETDATE(), 1,20)
insert into details_size(create_date, size_id,product_id) values (GETDATE(), 2,20)
insert into details_size(create_date, size_id,product_id) values (GETDATE(), 3,20)
insert into details_size(create_date, size_id,product_id) values (GETDATE(), 4,20)
insert into details_size(create_date, size_id,product_id) values (GETDATE(), 5,20)
insert into details_size(create_date, size_id,product_id) values (GETDATE(), 6,20)
insert into details_size(create_date, size_id,product_id) values (GETDATE(), 7,20)
insert into details_size(create_date, size_id,product_id) values (GETDATE(), 8,20)
insert into details_size(create_date, size_id,product_id) values (GETDATE(), 9,20)
insert into details_size(create_date, size_id,product_id) values (GETDATE(), 1,21)
insert into details_size(create_date, size_id,product_id) values (GETDATE(), 2,21)
insert into details_size(create_date, size_id,product_id) values (GETDATE(), 3,21)
insert into details_size(create_date, size_id,product_id) values (GETDATE(), 4,21)
insert into details_size(create_date, size_id,product_id) values (GETDATE(), 5,21)
insert into details_size(create_date, size_id,product_id) values (GETDATE(), 6,21)
insert into details_size(create_date, size_id,product_id) values (GETDATE(), 7,21)
insert into details_size(create_date, size_id,product_id) values (GETDATE(), 8,21)
insert into details_size(create_date, size_id,product_id) values (GETDATE(), 9,21)
insert into details_size(create_date, size_id,product_id) values (GETDATE(), 1,22)
insert into details_size(create_date, size_id,product_id) values (GETDATE(), 2,22)
insert into details_size(create_date, size_id,product_id) values (GETDATE(), 3,22)
insert into details_size(create_date, size_id,product_id) values (GETDATE(), 4,22)
insert into details_size(create_date, size_id,product_id) values (GETDATE(), 5,22)
insert into details_size(create_date, size_id,product_id) values (GETDATE(), 6,22)
insert into details_size(create_date, size_id,product_id) values (GETDATE(), 7,22)
insert into details_size(create_date, size_id,product_id) values (GETDATE(), 8,22)
insert into details_size(create_date, size_id,product_id) values (GETDATE(), 9,22)
insert into details_size(create_date, size_id,product_id) values (GETDATE(), 1,23)
insert into details_size(create_date, size_id,product_id) values (GETDATE(), 2,23)
insert into details_size(create_date, size_id,product_id) values (GETDATE(), 3,23)
insert into details_size(create_date, size_id,product_id) values (GETDATE(), 4,23)
insert into details_size(create_date, size_id,product_id) values (GETDATE(), 5,23)
insert into details_size(create_date, size_id,product_id) values (GETDATE(), 6,23)
insert into details_size(create_date, size_id,product_id) values (GETDATE(), 7,23)
insert into details_size(create_date, size_id,product_id) values (GETDATE(), 8,23)
insert into details_size(create_date, size_id,product_id) values (GETDATE(), 9,23)
insert into details_size(create_date, size_id,product_id) values (GETDATE(), 1,24)
insert into details_size(create_date, size_id,product_id) values (GETDATE(), 2,24)
insert into details_size(create_date, size_id,product_id) values (GETDATE(), 3,24)
insert into details_size(create_date, size_id,product_id) values (GETDATE(), 4,24)
insert into details_size(create_date, size_id,product_id) values (GETDATE(), 5,24)
insert into details_size(create_date, size_id,product_id) values (GETDATE(), 6,24)
insert into details_size(create_date, size_id,product_id) values (GETDATE(), 7,24)
insert into details_size(create_date, size_id,product_id) values (GETDATE(), 8,24)
insert into details_size(create_date, size_id,product_id) values (GETDATE(), 9,24)
insert into details_size(create_date, size_id,product_id) values (GETDATE(), 1,25)
insert into details_size(create_date, size_id,product_id) values (GETDATE(), 2,25)
insert into details_size(create_date, size_id,product_id) values (GETDATE(), 3,25)
insert into details_size(create_date, size_id,product_id) values (GETDATE(), 4,25)
insert into details_size(create_date, size_id,product_id) values (GETDATE(), 5,25)
insert into details_size(create_date, size_id,product_id) values (GETDATE(), 6,25)
insert into details_size(create_date, size_id,product_id) values (GETDATE(), 7,25)
insert into details_size(create_date, size_id,product_id) values (GETDATE(), 8,25)
insert into details_size(create_date, size_id,product_id) values (GETDATE(), 9,25)
insert into details_size(create_date, size_id,product_id) values (GETDATE(), 1,26)
insert into details_size(create_date, size_id,product_id) values (GETDATE(), 2,26)
insert into details_size(create_date, size_id,product_id) values (GETDATE(), 3,26)
insert into details_size(create_date, size_id,product_id) values (GETDATE(), 4,26)
insert into details_size(create_date, size_id,product_id) values (GETDATE(), 5,26)
insert into details_size(create_date, size_id,product_id) values (GETDATE(), 6,26)
insert into details_size(create_date, size_id,product_id) values (GETDATE(), 7,26)
insert into details_size(create_date, size_id,product_id) values (GETDATE(), 8,26)
insert into details_size(create_date, size_id,product_id) values (GETDATE(), 9,26)
insert into details_size(create_date, size_id,product_id) values (GETDATE(), 1,27)
insert into details_size(create_date, size_id,product_id) values (GETDATE(), 2,27)
insert into details_size(create_date, size_id,product_id) values (GETDATE(), 3,27)
insert into details_size(create_date, size_id,product_id) values (GETDATE(), 4,27)
insert into details_size(create_date, size_id,product_id) values (GETDATE(), 5,27)
insert into details_size(create_date, size_id,product_id) values (GETDATE(), 6,27)
insert into details_size(create_date, size_id,product_id) values (GETDATE(), 7,27)
insert into details_size(create_date, size_id,product_id) values (GETDATE(), 8,27)
insert into details_size(create_date, size_id,product_id) values (GETDATE(), 9,27)
insert into details_size(create_date, size_id,product_id) values (GETDATE(), 1,28)
insert into details_size(create_date, size_id,product_id) values (GETDATE(), 2,28)
insert into details_size(create_date, size_id,product_id) values (GETDATE(), 3,28)
insert into details_size(create_date, size_id,product_id) values (GETDATE(), 4,28)
insert into details_size(create_date, size_id,product_id) values (GETDATE(), 5,28)
insert into details_size(create_date, size_id,product_id) values (GETDATE(), 6,28)
insert into details_size(create_date, size_id,product_id) values (GETDATE(), 7,28)
insert into details_size(create_date, size_id,product_id) values (GETDATE(), 8,28)
insert into details_size(create_date, size_id,product_id) values (GETDATE(), 9,28)
insert into details_size(create_date, size_id,product_id) values (GETDATE(), 1,29)
insert into details_size(create_date, size_id,product_id) values (GETDATE(), 2,29)
insert into details_size(create_date, size_id,product_id) values (GETDATE(), 3,29)
insert into details_size(create_date, size_id,product_id) values (GETDATE(), 4,29)
insert into details_size(create_date, size_id,product_id) values (GETDATE(), 5,29)
insert into details_size(create_date, size_id,product_id) values (GETDATE(), 6,29)
insert into details_size(create_date, size_id,product_id) values (GETDATE(), 7,29)
insert into details_size(create_date, size_id,product_id) values (GETDATE(), 8,29)
insert into details_size(create_date, size_id,product_id) values (GETDATE(), 9,29)
--thêm bảng giảm giá
insert into discount(discounted_price,status, product_id) values (822000,0,1);
insert into discount(discounted_price,status, product_id) values (322000,0,2);
insert into discount(discounted_price,status, product_id) values (322000,0,3);
insert into discount(discounted_price,status, product_id) values (222000,0,4);
insert into discount(discounted_price,status, product_id) values (222000,0,5);
insert into discount(discounted_price,status, product_id) values (122000,0,6);
insert into discount(discounted_price,status, product_id) values (222000,0,7);
insert into discount(discounted_price,status, product_id) values (322000,0,8);
-- thêm bảng hình ảnh product
insert into product_image(image_name, product_id) values (N'1.jpeg',1)
insert into product_image(image_name, product_id) values (N'1_1.jpeg',1)
insert into product_image(image_name, product_id) values (N'1_2.jpeg',1)
insert into product_image(image_name, product_id) values (N'2.jpeg',2)
insert into product_image(image_name, product_id) values (N'2_1.jpeg',2)
insert into product_image(image_name, product_id) values (N'2_2.jpeg',2)
insert into product_image(image_name, product_id) values (N'3.jpeg',3)
insert into product_image(image_name, product_id) values (N'3_1.jpeg',3)
insert into product_image(image_name, product_id) values (N'3_2.jpeg',3)
insert into product_image(image_name, product_id) values (N'4.jpeg',4)
insert into product_image(image_name, product_id) values (N'4_1.jpeg',4)
insert into product_image(image_name, product_id) values (N'4_2.jpeg',4)
insert into product_image(image_name, product_id) values (N'5.jpeg',5)
insert into product_image(image_name, product_id) values (N'5_1.jpeg',5)
insert into product_image(image_name, product_id) values (N'5_2.jpeg',5)
insert into product_image(image_name, product_id) values (N'6.jpeg',6)
insert into product_image(image_name, product_id) values (N'6_1.jpeg',6)
insert into product_image(image_name, product_id) values (N'6_2.jpeg',6)
insert into product_image(image_name, product_id) values (N'7.jpeg',7)
insert into product_image(image_name, product_id) values (N'7_1.jpeg',7)
insert into product_image(image_name, product_id) values (N'7_2.jpeg',7)
insert into product_image(image_name, product_id) values (N'8.jpeg',8)
insert into product_image(image_name, product_id) values (N'8_1.jpeg',8)
insert into product_image(image_name, product_id) values (N'8_2.jpeg',8)
insert into product_image(image_name, product_id) values (N'9.jpeg',9)
insert into product_image(image_name, product_id) values (N'9_1.jpeg',9)
insert into product_image(image_name, product_id) values (N'9_2.jpeg',9)
insert into product_image(image_name, product_id) values (N'10.jpeg',10)
insert into product_image(image_name, product_id) values (N'10_1.jpeg',10)
insert into product_image(image_name, product_id) values (N'10_2.jpeg',10)
insert into product_image(image_name, product_id) values (N'11.jpeg',11)
insert into product_image(image_name, product_id) values (N'11_1.jpeg',11)
insert into product_image(image_name, product_id) values (N'11_2.jpeg',11)
insert into product_image(image_name, product_id) values (N'12.jpeg',12)
insert into product_image(image_name, product_id) values (N'12_1.jpeg',12)
insert into product_image(image_name, product_id) values (N'12_2.jpeg',12)
insert into product_image(image_name, product_id) values (N'13.jpeg',13)
insert into product_image(image_name, product_id) values (N'13_1.jpeg',13)
insert into product_image(image_name, product_id) values (N'13_2.jpeg',13)
insert into product_image(image_name, product_id) values (N'14.jpeg',14)
insert into product_image(image_name, product_id) values (N'14_1.jpeg',14)
insert into product_image(image_name, product_id) values (N'14_2.jpeg',14)
insert into product_image(image_name, product_id) values (N'15.jpeg',15)
insert into product_image(image_name, product_id) values (N'15_1.jpeg',15)
insert into product_image(image_name, product_id) values (N'15_2.jpeg',15)
insert into product_image(image_name, product_id) values (N'16.jpeg',16)
insert into product_image(image_name, product_id) values (N'16_1.jpeg',16)
insert into product_image(image_name, product_id) values (N'16_2.jpeg',16)
insert into product_image(image_name, product_id) values (N'17.jpeg',17)
insert into product_image(image_name, product_id) values (N'17_1.jpeg',17)
insert into product_image(image_name, product_id) values (N'17_2.jpeg',17)
insert into product_image(image_name, product_id) values (N'18.jpeg',18)
insert into product_image(image_name, product_id) values (N'18_1.jpeg',18)
insert into product_image(image_name, product_id) values (N'18_2.jpeg',18)
insert into product_image(image_name, product_id) values (N'19.jpeg',19)
insert into product_image(image_name, product_id) values (N'19_1.jpeg',19)
insert into product_image(image_name, product_id) values (N'19_2.jpeg',19)
insert into product_image(image_name, product_id) values (N'20.jpeg',20)
insert into product_image(image_name, product_id) values (N'20_1.jpeg',20)
insert into product_image(image_name, product_id) values (N'20_2.jpeg',20)
insert into product_image(image_name, product_id) values (N'21.jpeg',21)
insert into product_image(image_name, product_id) values (N'21_1.jpeg',21)
insert into product_image(image_name, product_id) values (N'21_2.jpeg',21)
insert into product_image(image_name, product_id) values (N'22.jpeg',22)
insert into product_image(image_name, product_id) values (N'22_1.jpeg',22)
insert into product_image(image_name, product_id) values (N'22_2.jpeg',22)
insert into product_image(image_name, product_id) values (N'23.jpeg',23)
insert into product_image(image_name, product_id) values (N'23_1.jpeg',23)
insert into product_image(image_name, product_id) values (N'23_2.jpeg',23)
insert into product_image(image_name, product_id) values (N'24.jpeg',24)
insert into product_image(image_name, product_id) values (N'24_1.jpeg',24)
insert into product_image(image_name, product_id) values (N'24_2.jpeg',24)
insert into product_image(image_name, product_id) values (N'25.jpeg',25)
insert into product_image(image_name, product_id) values (N'25_1.jpeg',25)
insert into product_image(image_name, product_id) values (N'25_2.jpeg',25)
insert into product_image(image_name, product_id) values (N'26.jpeg',26)
insert into product_image(image_name, product_id) values (N'26_1.jpeg',26)
insert into product_image(image_name, product_id) values (N'26_2.jpeg',26)
insert into product_image(image_name, product_id) values (N'27.jpeg',27)
insert into product_image(image_name, product_id) values (N'27_1.jpeg',27)
insert into product_image(image_name, product_id) values (N'27_2.jpeg',27)
insert into product_image(image_name, product_id) values (N'28.jpeg',28)
insert into product_image(image_name, product_id) values (N'28_1.jpeg',28)
insert into product_image(image_name, product_id) values (N'28_2.jpeg',28)
insert into product_image(image_name, product_id) values (N'29.jpeg',29)
insert into product_image(image_name, product_id) values (N'29_1.jpeg',29)
insert into product_image(image_name, product_id) values (N'29_2.jpeg',29)

--Thêm dữ liệu bảng người dùng
insert into _user(birth_day, email, firstname,gender, lastname, password,role) values ('2000/01/01','tuandhpc05076@fpt.edu.vn',N'Đặng','MALE',N'Hoàng Tuấn','sdfsdfsfdfgdflijertihedfgdfg','ADMIN');
insert into _user(birth_day, email, firstname,gender, lastname, password,role) values ('2000/01/01','tuandhpc05077@fpt.edu.vn',N'Đặng','MALE',N'Hoàng Tuấn','sdfsdfsfdfgdflijertihedfgdfg','USER');
insert into _user(birth_day, email, firstname,gender, lastname, password,role) values ('2000/01/01','tuandhpc05078@fpt.edu.vn',N'Đặng','MALE',N'Hoàng Tuấn','sdfsdfsfdfgdflijertihedfgdfg','USER');
--Thêm dữ liệu vào bảng liên hệ
insert into contact(address_name, is_active, is_message, number_phone,user_id) values (N'ấp khánh hội, thị trấn ngã sáu, huyện châu thành, tỉnh hậu giang',0, 0, '0383658814',1)
insert into contact(address_name, is_active, is_message, number_phone,user_id) values (N'ấp khánh hội, thị trấn ngã sáu, huyện châu thành, tỉnh hậu giang',0, 0, '0383658812',2)
insert into contact(address_name, is_active, is_message, number_phone,user_id) values (N'ấp khánh hội, thị trấn ngã sáu, huyện châu thành, tỉnh hậu giang',0, 0, '0383658816',3)



-- thêm dữ liệu vào bảng order
insert into _order(order_id,note,status,total_amount,user_id) values ('dfyrhewdferrte',N'Đơn hàng đang chờ giao',N'Đặt hàng',123600,1)
insert into _order(order_id,note,status,total_amount,user_id) values ('dfyrhewdferrteq',N'Đơn hàng đang chờ giao',N'Đặt hàng',123600,1)
insert into _order(order_id,note,status,total_amount,user_id) values ('1dfyrhewdferrteq',N'Đã đóng goi',N'Thành công',123600,1)
insert into _order(order_id,note,status,total_amount,user_id) values ('2dfyrhewdferrteq',N'Đã đóng goi',N'Thành công',123600,1)
insert into _order(order_id,note,status,total_amount,user_id) values ('3dfyrhewdferrteq',N'Đã đóng goi',N'Thành công',123600,1)
insert into _order(order_id,note,status,total_amount,user_id) values ('4dfyrhewdferrteq',N'Đã đóng goi',N'Thành công',123600,1)
insert into _order(order_id,note,status,total_amount,user_id) values ('5dfyrhewdferrteq',N'Đã đóng goi',N'Thành công',123600,1)
--Thêm dữ liệu bảng thanh toán
insert into payment(create_at, price, quantity,order_id,product_id) values (GETDATE(), 100000,2,'dfyrhewdferrte',1)
insert into payment(create_at, price, quantity,order_id,product_id) values (GETDATE(), 100000,2,'dfyrhewdferrte',1)
insert into payment(create_at, price, quantity,order_id,product_id) values (GETDATE(), 100000,2,'dfyrhewdferrte',2)
insert into payment(create_at, price, quantity,order_id,product_id) values (GETDATE(), 100000,2,'dfyrhewdferrte',3)
insert into payment(create_at, price, quantity,order_id,product_id) values (GETDATE(), 100000,2,'dfyrhewdferrteq',1)
insert into payment(create_at, price, quantity,order_id,product_id) values (GETDATE(), 100000,2,'dfyrhewdferrteq',1)
insert into payment(create_at, price, quantity,order_id,product_id) values (GETDATE(), 100000,2,'dfyrhewdferrteq',2)
insert into payment(create_at, price, quantity,order_id,product_id) values (GETDATE(), 100000,2,'dfyrhewdferrteq',3)
--Thêm dữ liệu bảng yêu thích
insert into favorites(create_at,is_delete, product_id,user_id) values (GETDATE(),1,1,1);
insert into favorites(create_at,is_delete, product_id,user_id) values (GETDATE(),1,2,1);
insert into favorites(create_at,is_delete, product_id,user_id) values (GETDATE(),1,3,1);
insert into favorites(create_at,is_delete, product_id,user_id) values (GETDATE(),1,4,1);
insert into favorites(create_at,is_delete, product_id,user_id) values (GETDATE(),1,5,1);
insert into favorites(create_at,is_delete, product_id,user_id) values (GETDATE(),1,6,2);
insert into favorites(create_at,is_delete, product_id,user_id) values (GETDATE(),1,7,2);
insert into favorites(create_at,is_delete, product_id,user_id) values (GETDATE(),1,8,2);
insert into favorites(create_at,is_delete, product_id,user_id) values (GETDATE(),1,9,2);
insert into favorites(create_at,is_delete, product_id,user_id) values (GETDATE(),1,10,2);
insert into favorites(create_at,is_delete, product_id,user_id) values (GETDATE(),1,11,2);
--Thêm dữ liệu bảng voucher create database java6
insert into voucher(expiration_date,amount_percentage,condition,event,description,effective_date,type,voucher_name,user_id)
values('2025-01-01', 10,NULL, NULL,N'Sản phẩm được khuyến','2024-01-01','PT','IHERTEPROIH',1)
insert into voucher(expiration_date,amount_percentage,condition,event,description,effective_date,type,voucher_name,user_id)
values('2025-01-01', 10,NULL, NULL,N'Sản phẩm được khuyến','2024-01-01','PT','IHERTEPROIE',1)
insert into voucher(expiration_date,amount_percentage,condition,event,description,effective_date,type,voucher_name,user_id)
values('2025-01-01', 10,NULL, NULL,N'Sản phẩm được khuyến','2024-01-01','PT','IHERTEPRIHA',1)
insert into voucher(expiration_date,amount_percentage,condition,event,description,effective_date,type,voucher_name,user_id)
values('2025-01-01', 10,NULL, NULL,N'Sản phẩm được khuyến','2024-01-01','PT','IHERTEPROIHT',1)

insert into voucher(expiration_date,amount_percentage,condition,event,description,effective_date,type,voucher_name,user_id)
values('2025-01-01', NULL,10000, NULL,N'Sản phẩm được khuyến','2024-01-01','TM','IHERTEPROI1',1)
insert into voucher(expiration_date,amount_percentage,condition,event,description,effective_date,type,voucher_name,user_id)
values('2025-01-01', NULL,79000, NULL,N'Sản phẩm được khuyến','2024-01-01','TM','IHERTEPROI2',1)
insert into voucher(expiration_date,amount_percentage,condition,event,description,effective_date,type,voucher_name,user_id)
values('2025-01-01', NULL,20000, NULL,N'Sản phẩm được khuyến','2024-01-01','TM','IHERTEPROI3',1)
insert into voucher(expiration_date,amount_percentage,condition,event,description,effective_date,type,voucher_name,user_id)
values('2025-01-01', NULL,12000, NULL,N'Sản phẩm được khuyến','2024-01-01','TM','IHERTEPROI4',1)

insert into voucher(expiration_date,amount_percentage,condition,event,description,effective_date,type,voucher_name,user_id)
values('2025-01-01', NULL,10000, NULL,N'Sản phẩm được khuyến','2024-01-01','ALL','IHERTEPROI5',1)
insert into voucher(expiration_date,amount_percentage,condition,event,description,effective_date,type,voucher_name,user_id)
values('2025-01-01', NULL,79000, NULL,N'Sản phẩm được khuyến','2024-01-01','ALL','IHERTEPROI6',1)
insert into voucher(expiration_date,amount_percentage,condition,event,description,effective_date,type,voucher_name,user_id)
values('2025-01-01', NULL,20000, NULL,N'Sản phẩm được khuyến','2024-01-01','ALL','IHERTEPROI7',1)
insert into voucher(expiration_date,amount_percentage,condition,event,description,effective_date,type,voucher_name,user_id)
values('2025-01-01', NULL,12000, NULL,N'Sản phẩm được khuyến','2024-01-01','ALL','IHERTEPROI8',1)

insert into voucher(expiration_date,amount_percentage,condition,event,description,effective_date,type,voucher_name,user_id)
values('2024-04-30', NULL,12000, N'Sự kiện lễ 30/4',N'Sản phẩm được khuyến','2024-04-30','EVENT','IHERTEPROI9',1)
insert into voucher(expiration_date,amount_percentage,condition,event,description,effective_date,type,voucher_name,user_id)
values('2025-05-01', NULL,12000, N'Sự kiện lễ 1/5',N'Sản phẩm được khuyến','2024-05-01','EVENT','IHERTPROI10',1)

-- Thêm dữ liệu bảng giỏ hàng
insert into cart(cart_id,check_pay, quantity,product_id,id,order_id) values ('1dsfsd',0,2,1,1,'dfyrhewdferrte')
insert into cart(cart_id,check_pay, quantity,product_id,id,order_id) values ('1dsfsdfsdf',0,2,1,2,'dfyrhewdferrte')
insert into cart(cart_id,check_pay, quantity,product_id,id,order_id) values ('1abc',1,2,10,1,'1dfyrhewdferrteq')
insert into cart(cart_id,check_pay, quantity,product_id,id,order_id) values ('2abc',1,1,2,1,'1dfyrhewdferrteq')
insert into cart(cart_id,check_pay, quantity,product_id,id,order_id) values ('3abc',1,1,5,1,'1dfyrhewdferrteq')
insert into cart(cart_id,check_pay, quantity,product_id,id,order_id) values ('4abc',1,1,27,1,'2dfyrhewdferrteq')
insert into cart(cart_id,check_pay, quantity,product_id,id,order_id) values ('5abc',1,1,28,1,'2dfyrhewdferrteq')




